chroma_stft,spectral_centroid,spectral_bandwidth,spectral_rolloff,zero_crossing_rate,chroma_cqt,chroma_cens,melspectrogram,mfcc,rms,spectral_contrast,poly_features,tonnetz,tempogram
0.50409245,2389.8237701220596,2953.0529444061044,5243.918290743518,0.048952914499132985,0.4132649,0.24515250075841652,2.104327,-0.8444502,0.10235891,20.01603523445038,1.2555582989138614,-0.03555064347518471,0.2631562901058651
0.4722355,3220.948415670397,3257.5304183055864,6732.967619999275,0.08665823346882613,0.5132142,0.2647663070661921,4.1942453,2.6340132,0.15351488,20.09544772720233,2.330194034152114,-0.02746088185908919,0.226132418834834
0.51843673,2511.827282228342,3169.465588579216,5820.539803992115,0.04579136040381065,0.53670853,0.2613287417209467,3.0458703,0.22853933,0.111049615,19.93279763837669,1.2075569232186865,-0.009371037371416977,0.1716746384881189
0.59615225,2335.2853688222503,2249.0848485980596,4549.197491625145,0.060590841599797815,0.32400516,0.22911382639791575,17.817642,8.729263,0.3158147,20.094829615489807,3.8323075172987924,-0.016447843321192073,0.28822186407394834
0.32080078,905.9621642994381,1119.9590129057492,1532.9573970830108,0.024643471423657182,0.41905278,0.21045535819814637,9.138466,-13.609952,0.15669265,21.094833193181692,0.9716473845362525,-0.03929709957950888,0.05578192267912215
0.5140806,3253.319951200211,3603.034476521399,7284.422618759675,0.07158650302226154,0.4445166,0.24499337844472127,2.4385028,0.8462793,0.107852526,20.418501953912386,1.2824596075904116,0.04401540266853571,0.22369398507009652
0.32943213,3224.5801663200427,3894.5436380307274,8061.242921433582,0.06916635075082664,0.40633348,0.2434480796863739,1.3118123,-1.3395827,0.07955686,22.38936943015027,0.8259702781270553,-0.01626013876116086,0.2157087228846583
0.45029923,2884.6359775752608,3152.471519414628,6077.104919244631,0.06936206061371918,0.4589508,0.2588030753978937,16.242655,6.8289304,0.29637453,20.212565965989377,3.911517709945194,0.028092295300061625,0.2633223814487391
0.5056077,3848.5439755863154,3673.59011622325,8142.867427861358,0.10895554713113315,0.46180746,0.26033466382700426,13.775029,7.0579853,0.28914422,19.13847292779281,4.78145911093217,0.006626001232813268,0.2372557153328926
0.40120652,2244.9396739068447,2525.3921179184126,4284.265760297746,0.05962763175445617,0.48463336,0.2537838400920762,6.389695,3.2484796,0.18627067,19.973052922212926,2.6495562415559877,0.011862286669287094,0.28904202196878287
0.3188572,2067.407119587301,2172.0895978913413,3897.3264334002515,0.06330144338437128,0.41936243,0.2397285077344049,4.4727044,1.3597493,0.16769019,22.156772908869723,1.9507843028774803,0.01988174991919896,0.25545641715618717
0.5420949,2376.074878103655,2939.831291464729,5472.208576970056,0.0412437694375996,0.43089855,0.23511502054578912,16.267,3.847278,0.25806725,21.965769519911316,2.198154491387292,-0.007211781203448205,0.19756879457344786
0.49229753,2141.617954478302,2349.0107191691886,4279.165791136562,0.05813548226308067,0.53490275,0.260690190805354,4.836434,0.5621038,0.16420248,19.53097169045009,2.4500271583704856,0.014777929915001363,0.275292148946867
0.3628608,1939.130689497601,2539.187160772719,3743.044032991486,0.04777873430073784,0.36636946,0.22012301762935738,0.53542435,-9.470287,0.04267073,21.696039040035547,0.4074327644509292,-0.004117610001243689,0.22684596975292515
0.43505526,2290.466270718395,2730.019707430828,4481.864565444805,0.050558091657715715,0.41220984,0.2353715844278592,3.040963,1.4830873,0.12169151,21.22517049297793,1.4366396451738808,-0.035280905265679695,0.1968671759925046
0.32416034,2752.0079245947018,2735.1660584809674,5201.993544256724,0.09883470054688542,0.3692988,0.20840878352657857,0.8932949,-7.165925,0.077673,23.71353692741339,0.870968458729221,-0.0006178984184681954,0.2196208193631783
0.5157782,2754.530539897148,2738.929823176224,5318.301174293731,0.068952967151773,0.54947865,0.27271609065305324,6.1488557,5.144317,0.18940724,19.235886057666182,2.8975268906859015,-0.0024112384222405333,0.3023245823359811
0.45216632,2882.0862249647407,2780.915659799802,5653.299148606811,0.07423480795827103,0.48203805,0.24896949826518588,19.748018,5.8768272,0.32278848,18.469071650899703,4.580442412254163,0.05476094146315985,0.2521039174355207
0.5759943,3094.6239056902114,3343.4964270886544,6670.118000042327,0.067671700259051,0.4815762,0.2588246090740487,13.095832,5.9745574,0.25578284,20.953987621393992,2.785542780807595,0.029660762687595432,0.2082032294863311
0.49168625,3752.816025803608,3773.7416466520795,8058.626270589445,0.08025527754961634,0.40083084,0.24443543749233396,17.674044,7.0355334,0.3006401,19.607355710616478,3.8516744662452864,-0.03350538123698032,0.2508380725272406
0.5796712,3681.8952179329704,3600.8910243279133,7977.268429215847,0.0826124133864072,0.56542736,0.269070595654716,8.898762,5.6107593,0.21561992,18.5014711031691,3.1242896412347565,0.035117650273016165,0.1761490413226005
0.5476888,2757.2439443722383,2928.2287034279834,5642.465880780766,0.057284422540946206,0.38762408,0.24154471461918597,3.7624686,4.302797,0.14183956,19.390055282539844,1.8374632952758712,0.037702396976417564,0.27799174878450744
0.52834094,1999.765153746082,2272.57618392907,3908.284700470443,0.04552089256755334,0.5024481,0.25570996061219714,24.788782,6.219688,0.35567114,20.186854847478973,3.5791668617852306,0.003494983322130717,0.21289046513050325
0.46051282,2795.4341508520424,2726.121704057966,5405.842311611116,0.07982514058254882,0.54226696,0.26951706107217616,13.737589,3.7018032,0.28725812,19.941841808179856,4.535951648510911,0.0037102190964103036,0.27404045047149206
0.44716895,2361.421955129475,2809.4538605494763,5081.46093976756,0.040188040128332034,0.5386117,0.26551741864968864,5.502964,2.2205286,0.17621171,19.719722165115446,1.8867419499214655,0.03155158428269072,0.19039566751891931
0.4224054,2410.882196658351,2278.157704446534,4834.570766011997,0.07342620381485927,0.5002158,0.2590282344004507,3.632239,0.87339,0.14378099,20.34627275506229,1.9640225555326285,0.01822471699384947,0.22702806004976003
0.37499568,2101.0661923104194,2092.5587894042146,3944.926145571304,0.060927423601019354,0.48302808,0.25216864525486177,5.5742893,-0.67360085,0.16580774,21.16182403481579,2.2232835768560117,0.011161660509938038,0.24904289206478425
0.5598536,2961.35444193031,3360.2452697392364,6385.71971975982,0.05934777419739825,0.5788954,0.27066461924823293,24.181702,8.1880245,0.34390953,18.892559842041514,3.9541046227693606,-0.0037045310536320667,0.21330189246764414
0.46466464,2734.8123638897437,2934.1618743185795,5583.882901690693,0.07075288009940818,0.619451,0.27855591889237774,7.885619,3.7530372,0.20941916,19.94536817977891,3.1198643461117914,-0.005087459661918861,0.24675740727680337
0.4519761,2894.504644567372,2971.568037650148,5782.6650330156735,0.07788220551378447,0.51035106,0.2609981266078607,13.103448,7.436422,0.28563645,18.96425742909188,4.681506584030066,0.023350708651794467,0.288621617192107
0.32494253,1559.6405834392122,2068.543273355668,2800.899730009191,0.042627954690648194,0.4132419,0.25092408866897653,2.1680858,-1.9662132,0.101391084,22.141260649459767,0.9488398402161358,0.022344808992816517,0.20472775567583318
0.43730578,2530.7461465035285,2844.360980801325,5149.860526164619,0.06277786553217778,0.34192428,0.21220712410848813,3.8123949,-3.6992865,0.12241385,22.45649200345837,1.4468530986826187,-0.08336511497236805,0.19798444345589275
0.43325037,3110.3695562775247,3307.207694564669,6831.2253591815015,0.07974589835934374,0.47311863,0.2515432358302167,12.293449,6.869839,0.26314273,18.784069307885648,3.853561232006779,0.03050949730565779,0.2697317049957457
0.49792504,2909.511658257305,3117.660933961486,6125.662958954141,0.06326761406316914,0.3814883,0.24329464365923545,13.3132,6.815457,0.26176563,19.574681435021255,3.4504696607044725,-0.039293959438905436,0.2091471086422149
0.5282008,2361.279066872299,2578.901685809671,4862.653929530283,0.0576577209831301,0.58596885,0.27602905582829157,13.741728,4.820055,0.26256782,18.6283703234744,3.6867009844574636,0.006575424362078903,0.1973004453027045
0.42193347,2893.578560949732,3018.526199589162,5865.797863656153,0.07431113673539591,0.64173,0.27832154021463773,8.349741,4.405136,0.215434,20.09780108352844,3.181434821613132,-0.001924700697195587,0.274464214401339
0.37690887,2687.3984257037423,3012.343624499822,5585.474558732827,0.059796831013106996,0.57229346,0.26822000006477426,19.029842,4.041876,0.31089082,21.495758235077265,3.783020575775635,0.00846243041549463,0.23865232037385498
0.3894122,2503.3302767906616,2625.1489070224497,4723.80476913216,0.06706459776893213,0.36670187,0.22369667582476632,4.6524835,-3.1188934,0.15973742,22.799852834678205,1.8909057419332145,0.04467666446305791,0.24179246357204118
0.43233705,1863.658885808648,2169.5341239577347,3551.4368582805246,0.04640880036225016,0.36168614,0.21771648118282524,1.0974318,-4.581263,0.07144391,21.333509460872605,0.8584635619333123,-0.013053833738787532,0.27510294084624054
0.52206725,2687.535910960557,3246.0793694950225,5861.056225661523,0.052141066953097025,0.41841725,0.23799593920778717,13.174777,4.273243,0.24373958,20.310295914246446,2.8955463176580527,0.015244337097487858,0.22917536513213435
0.47163042,2848.086377063683,3306.4524354236733,6602.57674178841,0.054576216451492875,0.47503442,0.25222300163072536,8.766737,4.609477,0.21544626,22.97381743261518,2.222956558330782,-0.032257943017694496,0.17069866619243315
0.5034914,3034.918366268954,3327.8165323292956,6594.16845929881,0.06742544386175522,0.49822134,0.25926506864717064,18.655985,5.080698,0.28236696,20.17434447113019,2.899962800070876,0.01730855853547035,0.12138888496068079
0.5182998,2983.91783361775,3044.495072143878,5906.647616643286,0.08358385459446938,0.5435032,0.27019071548783324,7.566317,4.5017977,0.21108815,19.80739546300309,3.4024865899068124,0.014949777051586663,0.2755905582465307
0.5270186,2742.945904793318,3150.936893936885,5729.490354555679,0.054697106912940614,0.39788207,0.23241508326998536,17.475742,7.6518617,0.29399577,19.86212084056753,3.497967804870244,-0.04726618143189904,0.2668299221975434
0.45846057,4140.127356446993,3463.563571623414,7934.860352318354,0.12219780017270067,0.51119846,0.24661756237808813,12.0625925,2.3053205,0.24805519,20.562440552976007,3.417077699292316,0.008173365645093699,0.1920117101208357
0.4517765,2436.225463450726,2819.758771273155,4558.464102257885,0.06274600190953575,0.53542113,0.27118707200473924,8.716256,4.611496,0.22439112,19.04869142358824,3.37358179810776,0.01253468601027675,0.25990503035582657
0.470544,2978.089384260656,2935.361312015268,6071.129955374419,0.08076212941316878,0.59683794,0.27169416252771417,17.479359,7.7001863,0.3134246,17.84592103508303,4.693715838806409,0.008427061236845309,0.26759057867210734
0.48137534,1765.3900161094487,2298.929925764365,3684.6777192579334,0.03734970303911038,0.43559435,0.2462924828771689,0.47452226,-5.31227,0.04460441,19.64784410935939,0.4334543984232931,0.018418382203383512,0.1580328527778478
0.32002115,826.7581415298062,1002.8805984153163,1348.45017943958,0.027920703369066928,0.17779543,0.14929244019352422,2.2275505,-9.743698,0.09520268,23.847475001370647,0.48374522155620886,0.09249846462486133,0.07536077485706937
0.4298585,2327.426093585417,3026.348121468931,5209.926829618566,0.04651305258945684,0.41093504,0.2423526875097944,6.5340624,4.4281015,0.17990041,21.613737992272757,2.0060988265081683,-0.028600646442847804,0.21025457332868258
0.4244344,3400.1530801137424,2781.9397518646783,6045.613443002612,0.11655546429097954,0.5684459,0.26709103227986175,3.6115847,-0.40611303,0.15222995,20.900766626460495,2.523919734257145,0.02846305812780445,0.2762743945539393
0.5587808,3418.003016128402,3124.787421621851,6639.2431867381,0.10288502243002465,0.5572472,0.2698369143196043,12.407917,6.559681,0.2804445,18.345603946937548,4.768136849270246,-0.0005346082415824123,0.3012256232376093
0.38531122,2651.6118654362613,3153.6441866466907,5828.23975743155,0.059614477369895315,0.38511702,0.23455380035118664,2.324541,-0.7508656,0.10683086,21.538035422164793,1.3164992479681208,0.018092840023815972,0.23203000121517955
0.4728034,3300.5241797283174,3308.5754303895196,6400.569629964445,0.07956078045253188,0.51369137,0.26079558848597534,0.9501871,-10.730761,0.060809936,19.30652520060437,0.6547198888280512,-0.00011038602710191988,0.10392153221632851
0.34063455,2779.8285571345923,3070.608381736658,5871.30616368155,0.0627857195509783,0.5114892,0.26927460593055347,4.5417967,-1.8949213,0.14469899,21.092233993865037,1.5499743715364698,-0.007469418834139697,0.18553953786215496
0.50834256,2653.3224635078795,2767.103518905272,5346.642669583252,0.07013409749864859,0.4874634,0.25633406283217836,11.38529,3.221727,0.239577,19.571652071092604,3.2602883605005,0.006352371139188817,0.23716585343258903
0.3608023,2245.1949390226105,2713.062850837971,4760.196215744727,0.05199045407636739,0.39971212,0.22040566380789384,8.125742,1.6833932,0.19653517,21.710370680282367,2.4299413202471487,0.05835776203932087,0.2672371828412639
0.40714023,2438.9402140993147,2756.487983955147,5092.885870682566,0.05743528112999585,0.4130466,0.23120736219936716,9.784487,-0.75903076,0.22186622,21.257275450033074,2.855431864578543,0.06768042409054342,0.2630933001832324
0.36478034,2511.7416096302322,2908.597562137125,5112.069088017608,0.06235573176639076,0.53190386,0.26403579987902637,6.9055614,-2.2651794,0.19222319,20.29871030917212,2.641805528179645,0.008116120646541635,0.2171573717622391
0.5547473,2421.4872534764304,2674.3507221074533,4765.496183696546,0.06098545558574307,0.5003726,0.2543872392077749,17.29158,7.1294436,0.3035888,18.16116422683453,4.391124828221108,-0.005050898642234737,0.29602039636990973
0.26170203,2001.0869663686105,2031.1018829076759,3511.953763696062,0.054088863615621686,0.33355808,0.2200897574531404,2.495526,-6.8761435,0.11636374,23.747718562479445,1.1723657118326651,0.017697689780245194,0.27621279245486446
0.4559498,2878.821974635664,3241.083108311666,6206.745801990615,0.06758579747688549,0.4796464,0.25896556691825695,4.302938,3.5953636,0.1518969,20.160256129475233,2.161457408812364,0.0064353649042668375,0.22885812246399218
0.3679885,1812.1308548948598,2118.468520866929,3068.264779955979,0.05522041272649411,0.3671748,0.21913189765411878,1.6598846,-8.349228,0.08699542,22.690617591435437,0.9264043596018057,-0.00042705302783628313,0.27947343362317895
0.5394945,2841.0375581458616,2751.979446302403,5611.641067174197,0.08372420898183836,0.6912151,0.28125908204694844,0.92554003,-1.8665859,0.06964215,19.436952508425016,1.0440850099618713,0.0013170445198472656,0.2574876545034679
0.6128308,3794.7062110791753,3592.0941932092974,7927.518730045472,0.10280556959625954,0.55454147,0.26362802541326474,17.110987,8.05665,0.31990847,16.560393504360704,5.048656666617705,0.016613441191181782,0.2879903028999581
0.3287137,2413.1753854141366,2512.0617185343717,4291.565716155911,0.07183042515251714,0.4233758,0.23968110138193907,2.8238177,-7.145662,0.106645636,21.521440224291453,1.1600476382925085,0.02758561209636242,0.25144158443279174
0.47045353,2010.752662560424,2592.1701767063555,4131.50835066757,0.042796960889619005,0.47768167,0.24718104004957753,1.163053,-1.8524969,0.0752142,21.31512521863058,0.8054009509641702,0.015950151287476934,0.2231888465320926
0.41933516,2563.2427022790307,3131.635244561492,5457.741997780815,0.05492172307519499,0.4123164,0.24049442524610515,11.009217,4.799584,0.2298618,21.83105572746277,2.4649676314174997,0.03451681182739991,0.2595592367202814
0.42191267,2486.9635885465505,2770.834344956188,5445.6504042303595,0.05946313613164564,0.4494721,0.24649754203135363,1.053043,-4.849672,0.06378025,20.587109239609436,0.7559335869820893,0.027253186775893543,0.23344185387105118
0.54535645,2643.630512857598,3197.9053321574916,5675.107350068934,0.0543032739411554,0.6097093,0.2733004732521885,22.146854,7.1134343,0.31442767,19.076511951742674,3.372104637005847,0.0024069386355590316,0.18440268363523443
0.5550865,3133.8108850884896,3142.768422934614,6236.878953112906,0.08094561508814052,0.4555488,0.2553801897853309,6.3495684,5.5753603,0.18942481,19.555007421772498,2.775314967441916,0.0007698666406241324,0.29537146043468687
0.45515138,2543.0962505905027,2937.2287969646018,5259.234864792957,0.063296862604691,0.34615314,0.22582793790592498,3.9810042,3.4217198,0.14784326,20.829179717612195,1.8900465080803117,0.05396589222791168,0.20436703554153085
0.38697016,2615.57191878273,2849.0875200563846,5052.361115730215,0.0707891928701305,0.57472587,0.2730736787147479,13.896626,5.07988,0.29157698,19.55806961411527,4.369775026874483,0.01991111998076431,0.2944254333016119
0.47495857,2482.667783429575,2961.4373801273923,5415.767251596362,0.05351939021222524,0.47092193,0.24711686041155412,10.859588,3.7278101,0.23530829,19.832101863780792,3.1917045167033704,-0.010897155753867406,0.260915837443195
0.44491965,1798.9851331588598,2691.792563958586,3584.403325603473,0.030109552592967014,0.3732167,0.21383135443597384,2.4645805,1.7595693,0.10773119,21.45913603114106,1.016113800030912,0.018477838914002793,0.20481078247521334
0.49485055,2865.158691742386,3294.764081812109,6230.912322525639,0.06534595417114214,0.4102792,0.23052874224127926,3.9562874,2.1802788,0.14351025,19.202271377339667,1.9797862757041305,-0.026975077626487345,0.2983251972329921
0.46700367,2783.4362067581774,2939.921274582135,5803.889904671778,0.0745295574370099,0.45233718,0.24806532513683158,3.2384706,0.058380976,0.13485743,20.72750575916934,2.0260861650402395,0.018171822994528655,0.27401782268522457
0.45724645,3002.343574845629,3129.38489368076,5721.140405046682,0.07613771824519282,0.5120587,0.25749731864207215,2.172824,-7.2787375,0.09622972,20.08348856597697,0.9603052396302972,0.0009746421926062291,0.12200863008385536
0.40645346,1676.8604284937114,2127.4936207878554,3512.6370928973975,0.04373620500831912,0.4437024,0.23084025982640388,3.8200483,2.2038312,0.13862501,21.538440667086466,1.6271347880522689,0.058079207358603765,0.2848429001456632
0.432811,2093.7845914581044,2886.808287329378,4502.231108957769,0.037723247193614286,0.41391283,0.23456397488450323,7.5589914,-0.95941657,0.18243912,22.380058992445253,1.8658744249299122,-0.0003760566222825306,0.1710503034170136
0.40558505,2597.696879086014,2783.4222476693344,5393.000722595782,0.065828076844773,0.40673327,0.2276051819941328,0.77300817,-6.578201,0.06363904,22.225210300684488,0.8049967355774167,0.014568758577254147,0.24767441819942568
0.4024953,3224.203177541525,3210.119530804965,6650.134787544746,0.08279448621553884,0.34438545,0.20936743944295175,6.0985947,-0.295007,0.18045273,22.511115823719326,2.3794191603893995,0.06573948494126981,0.2311097512522221
0.49170756,2436.32947004686,2755.587677890514,4791.387693800793,0.05770721446473327,0.52883804,0.26453701007281244,24.798765,7.340054,0.36651054,18.411038566361423,5.204087617528847,0.030922900994527405,0.25692124102232045
0.45871624,2770.5481857056598,2849.965128572433,5491.025129855601,0.079406122097962,0.55626553,0.26713479543954743,9.45448,3.4210684,0.23593418,20.983496811108374,3.4507923162119,-0.003549511399061619,0.27431197937283186
0.34947708,1670.640059111544,2255.715688028025,3308.054996644011,0.02954496710965088,0.4004587,0.22920502565637227,5.332349,-2.871986,0.13886422,22.74667111858883,1.062238562925987,-0.012455466338665734,0.1541970265114906
0.48118976,1374.7483392360834,1805.9102284641901,2735.8501233552633,0.03032313802714068,0.44641212,0.2409358818551198,7.8674946,2.4669392,0.19083367,21.275347754792364,1.8531231927750653,0.030887823900497137,0.21557006022676092
0.6468519,3225.190619807023,2779.722961638788,5976.155529671778,0.10287454455466395,0.64267516,0.2765778931389684,5.1069407,3.2403402,0.15672372,18.8897478115744,2.366299784169553,-0.0039463925068551516,0.2199288059954565
0.38634822,2478.344010856825,3187.073818697205,5519.808289141109,0.050761497581488735,0.48186073,0.2518210833506894,5.690512,-0.24714099,0.15954846,20.66389030517421,1.7168041116575,0.0165039027922617,0.2085384434701375
0.44818884,3717.949592729109,3711.445392252305,8070.684531008127,0.09439510014532129,0.4637147,0.2508749363138612,2.8852825,0.14102079,0.12583776,21.4094629492464,1.772281655363814,8.561592489335353e-06,0.22802630477934663
0.43229437,2550.804714533164,2616.1717264359377,5052.619447501451,0.07237896035607226,0.52522165,0.264820543058156,4.960454,1.0896133,0.16838166,20.155879297295822,2.5837677842204463,-0.006269113514552626,0.30042135856896995
0.48708832,2527.7457383140495,2729.863442004879,5075.910973327448,0.06532641126626089,0.46454594,0.2604277490635821,7.9085546,4.2408133,0.21008849,19.447021874111698,3.156088248853036,-0.0028559780169359747,0.21786941965564321
0.3689285,1070.4363636530882,1623.898456935827,1761.3393494219233,0.027215824926461813,0.37694553,0.22210977369604273,1.1262823,-4.6274557,0.07299584,23.02033187037485,0.6668928846664087,-0.02700054134903434,0.18215655241285264
0.45600563,3431.7231648927273,3400.770937283075,7216.014699079673,0.09423536081099107,0.57272774,0.26825833554835987,6.3011546,0.54990333,0.18329217,20.743778562877203,2.479055018943348,-0.0016699784359253,0.2288949560210996
0.35145864,1748.098711291039,2043.4364192025416,3147.414301349652,0.045168541100650786,0.37867483,0.21889623871155753,0.040671386,-19.34201,0.011032912,21.195673646047595,0.0939974053424755,0.008000678196025506,0.217988042559814
0.32650727,1459.1058728409478,1192.0739323394318,2550.5429105492935,0.047955805129069176,0.42403567,0.24063704143095918,2.157494,-9.638389,0.107072674,20.455054253586425,1.2094179310353266,-0.006565960214914974,0.17205566345444
0.46474594,3054.8847228751883,2849.5669012613303,5774.831747049148,0.09148967481729534,0.55780375,0.2710295595191014,6.0894017,2.0368085,0.1915907,21.013274839523422,2.963455043247581,0.0009908050370993514,0.2565942318722039
0.39688346,1290.4324370793256,2056.7988376849125,2443.785222765093,0.024926698749675312,0.3674199,0.21912427469186843,10.789804,2.7856548,0.22572723,20.388737477672382,2.225388007318411,0.023077521443157827,0.2773580465445525
0.39398903,2198.556592061474,2841.1931698118774,4664.846792309646,0.046434652808491815,0.38925928,0.24118504899617002,6.703386,3.2548444,0.17915311,21.62250769313404,1.9673162472706567,0.01444321127253447,0.1876703818112255
0.46141466,3424.183378285276,3562.1737057405635,7434.930041995211,0.07144486742065248,0.3415272,0.2256854243546664,18.28835,3.065071,0.3001434,22.233962386456053,3.1535797561954664,-0.025441745572096462,0.17600191560962777
0.369985,2957.9187672631447,3346.2748800900868,6159.046090424245,0.0656390977443609,0.43976083,0.2455295425602314,8.982915,1.6395725,0.21647455,22.69287633873011,2.3849431629097904,0.005677493731864975,0.2079981598296572
0.30178007,2073.0784558501864,1922.5686696723144,3925.68459525566,0.06250708178008045,0.4108223,0.24443785736813323,0.15592515,-14.957393,0.027676072,21.189858738436072,0.3253576168887097,0.025435228183189523,0.2578717072793799
0.34427243,1907.3027468397381,2162.7510884377275,3546.478554929373,0.05535221983530254,0.4814433,0.2548518373747417,4.3323464,-0.017053138,0.14988123,20.92867901938585,1.7754423226947094,0.03915600523508487,0.2418385859604836
0.49803212,2931.65262368935,2939.929635706993,5967.047251414958,0.08319494464452448,0.5026191,0.26682133701587,12.705809,5.6015058,0.2715512,19.49185416263006,4.472730847706704,0.008292483357937058,0.29823836899509315
0.5175944,2110.589432848426,2591.2037680115372,4308.457280681599,0.04812362664363991,0.6208835,0.2751133477755851,4.812522,2.4616482,0.14822021,19.317049483605604,1.7041368563213541,0.00363804286836458,0.14249034504079766
0.46673244,2430.140781108585,3067.4591162016295,5270.151465448433,0.04327941702996988,0.4764856,0.2525343167871524,11.6733465,2.2106905,0.22353029,20.669935468754574,1.9339056829996795,-0.005871045308759852,0.2061741643919475
0.38077632,548.9011807850038,628.6236411847912,990.9523411800986,0.017155836018617972,0.28792548,0.18289934770264135,1.3714763,-6.3074317,0.07762919,21.356999207693793,0.6410894809530202,0.03046716360021108,0.1899968342205958
0.39597115,2653.3970983902964,2836.6562512900864,5321.08449079673,0.06680162415843531,0.47296816,0.254450980489216,17.003637,7.168063,0.3099336,18.717221735352112,4.613824533987694,0.02472277847650677,0.2877472430287654
0.4466316,2350.326709443085,2792.0055966860223,4864.653917436629,0.053351498494134494,0.55244213,0.26159738047006786,19.698984,2.945822,0.28671223,20.43891524654812,2.7796981228224746,-0.014121712506358733,0.16598858650393547
0.3663157,1693.8879437910944,2518.9306411756234,3327.4965457502904,0.031142825551273148,0.36598137,0.21867957079577272,0.5903412,-14.134713,0.040120978,21.211144826512626,0.23375507973431736,0.0242942946734182,0.2049233155828499
0.48734742,3872.2879336380843,3629.4841921910825,8167.850610124807,0.1049173967832747,0.47874817,0.25923155907611034,6.3478665,4.5789895,0.19365789,20.89282318903434,2.8994713892959587,0.04028185831687107,0.18950146667355156
0.4406338,2035.947517462677,2390.9527731446165,3948.651123046875,0.05189510014532129,0.6199234,0.2593189754615127,7.146269,3.2888596,0.19013362,19.65814161815258,2.4649293875933376,0.0022856846156262727,0.2737292772242747
0.27429342,621.2619419963133,583.7125460118821,988.9023535760932,0.02418362081674775,0.25952756,0.16796596887355963,1.4931661,-11.951658,0.07902606,23.363094452359057,0.580602973690447,-0.09327520138605658,0.10854556664311268
0.36704212,2851.140101847138,2855.844133841506,5521.049948299632,0.07843750658158,0.41234687,0.227980199654243,6.6867723,-9.511728,0.18959042,24.144687114964317,2.271268904704789,-0.025888286257467277,0.25316082815743557
0.39316007,2031.6453511528855,2312.3089754970624,3999.500815565741,0.04838099274797639,0.44225433,0.24139153054716594,6.896142,-0.6087864,0.18704054,22.143500371177407,2.2140027935617534,-0.02825130237206397,0.23112126365605226
0.556059,2782.9158724018016,3384.546356963622,6308.028522881192,0.05626236459496079,0.47599658,0.2619219801799261,18.247131,8.040829,0.30620876,19.369257657451183,3.9289175039099598,-0.0027943748951625115,0.2921804831217762
0.37826055,1473.4665953068375,1768.9518414209574,2658.008927383659,0.04209540833877411,0.4485908,0.23760175774996595,6.5140996,1.4137336,0.18169637,21.066340079198877,2.147765798443579,0.04696650626129453,0.18170363848152138
0.5145374,3053.8440807557067,2823.0318198199666,5865.864529919698,0.09626958678208125,0.5559834,0.2698660790556973,6.1659894,2.119797,0.19373202,19.933723651167075,3.3616793913188956,0.01793261582226668,0.27464894488773733
0.529021,3237.623618276712,3162.1557321608007,6624.418276382305,0.08922060052091012,0.6672143,0.27664600276092494,6.7812786,2.588612,0.18227339,19.485074288575426,2.5856099420335235,-0.0044540320883676085,0.239869365529567
0.36035645,2334.3087347162887,2372.7677896388577,4386.715140800358,0.0668236505128367,0.4134368,0.23950783946775064,0.14670548,-15.825546,0.022604946,21.198871257029808,0.26064848422912157,0.00100755800740779,0.1937663006279735
0.40363368,3029.410202232267,3359.599248038948,6541.135446648848,0.06892312188033108,0.4365887,0.2498471201133378,8.439035,3.7680807,0.21108234,21.018015888306856,2.6811889879918986,0.03735404990447223,0.22052420996480218
0.6222199,2903.471756274738,2641.784672309911,5497.733422624807,0.0893923622080411,0.61434597,0.2728287370029671,6.5020013,4.0609746,0.19561797,19.15955772308632,3.151650745164206,-0.004758970161175634,0.24863352831639327
0.5445283,1588.1709275770218,1817.3256458800834,3274.371866987955,0.038217278139325905,0.40257666,0.2332246131969445,2.1311188,0.51190317,0.10151842,20.84946099564463,1.0931722293942188,0.011644214889922623,0.19793091716200487
0.43563342,3064.330164661389,3217.770881507159,6391.6696837812015,0.0696421024550171,0.4993756,0.25443630037563936,21.064144,5.544588,0.3266412,21.139190364588366,3.9075179969071816,0.023835432758465346,0.2325280113517829
0.57891685,2859.911145570016,3317.0004762807507,6164.0210603412825,0.03491897636247482,0.24679074,0.1922699924342529,17.108679,5.9467735,0.2923567,21.58082417254276,2.5045793765064808,0.0461288906650754,0.19095259422021554
0.34361875,1814.417376130864,1910.0612213303552,3333.163178151606,0.05286615523402344,0.41809207,0.23538852090674198,0.8325077,-7.2434573,0.062003274,21.750624683863634,0.6911409370989171,0.026886879224206958,0.22363656616297944
0.3959829,2466.208279994154,3011.2701415353267,5319.934497750581,0.053904877740569915,0.38691697,0.24030184466303534,4.416111,1.861024,0.14966397,21.309497517931817,1.7957652620381563,-0.009210843972051448,0.18559068903623474
0.4440053,2200.5836139329863,2791.3124965762768,4726.604752201045,0.0360280866732658,0.3872594,0.23196865305955855,23.386314,6.058557,0.34519094,21.017384754307734,3.085519508304692,0.00033381090523114187,0.181219519873411
0.49771953,2494.3439966078854,2595.4412926497234,4889.370434645898,0.06363667396783275,0.4475707,0.2597207479899023,8.441739,5.4030585,0.21675497,19.97350301975086,3.0912862194443065,0.026330536910557412,0.26222787105581713
0.38806668,2685.676164434369,3024.088276383071,5770.073442488632,0.05760391876048666,0.31459478,0.19821769785854415,4.5454717,0.030546924,0.15208152,23.472348998628508,1.7094596495242396,0.08674126796884259,0.24008839161161338
0.4708367,3331.8833712730357,3529.2546954131158,6997.457687330689,0.06789865068834551,0.38381067,0.240548526958263,6.63383,2.9648292,0.18830118,20.491223582748308,2.1998740722153296,-0.010399335326520842,0.1999196020646789
0.4412221,2631.502185524383,2695.80239272626,5035.627883580447,0.0727889401374585,0.5226277,0.26185066867005935,2.147172,-0.7614658,0.1093447,20.022319467978814,1.6136355702020615,-0.009620069465823881,0.2356162062968939
0.420074,3374.6795527388663,3240.6036485890913,7021.257543416215,0.09430391454827547,0.6180254,0.2722112462450415,11.933102,5.8452597,0.26800844,19.790203341891424,4.246474610905719,0.004872559695508966,0.277062754383445
0.49606723,2015.1711104595745,2661.563195082845,4383.165162266592,0.037953672697149034,0.43742836,0.25184832899462184,2.9497747,1.686598,0.11791917,20.2579883046859,1.1217502438425464,-0.0014525522292809078,0.20648342283621618
0.39366013,2357.1622259162914,2597.6642535206893,4615.2220923834175,0.054312532030356,0.38215163,0.21850222282073883,2.385669,-3.695473,0.105351284,22.712129379978823,1.1595781405192718,-0.07745594967191623,0.23805149694976033
0.4025194,2689.650540355841,2882.0685072815277,5434.317139427729,0.06729257492470674,0.44134483,0.23529201085418297,5.9022975,-2.7305522,0.17493325,22.40861706681753,2.1597434031413147,-0.0445337389915301,0.2374005358937634
0.25767362,1718.5108570073546,2103.919485811682,3202.330635944756,0.039398812156441525,0.36931708,0.2232761904296696,2.6334965,-4.914865,0.10563218,23.52041489657823,0.9292479935761648,-0.0010512378338824273,0.2947028153520914
0.5594963,3053.108390311218,2665.90717010974,5962.905609792231,0.0914516596112129,0.44020918,0.2577916647815816,1.7399521,2.6207392,0.10291464,19.76304409739645,1.5907846968097772,0.01357960991346969,0.2507588207106763
0.36513892,1781.5062660040649,1899.6277190809085,3261.9386088368324,0.05204437037973084,0.44477093,0.23585239200919184,6.8823504,-2.4744966,0.18713859,20.474149659146136,2.502212600135531,0.04174518598567338,0.3026989112588297
0.46652755,1596.6465113254635,2356.5469845023067,3280.6384957611745,0.028622940404231866,0.566939,0.2633965729097034,7.8552527,1.1225731,0.16474788,19.101624328877616,1.2808859245070985,-0.0005170025715458677,0.13006638613549057
0.48132208,1716.1253083010681,2082.656165490872,3153.289265824545,0.0461780940446354,0.46634445,0.2506612540042859,4.5841136,2.0941093,0.15189186,20.890532618113262,1.8959015696670942,0.05422233808850855,0.28819068981434576
0.3701086,1515.8556057573487,2083.5003544470765,2854.599405294601,0.03082482115653279,0.34001127,0.21145231392275352,3.6130805,-4.5122833,0.12734775,23.21274579037949,1.1336697218742586,0.042209728774797825,0.2255331969104938
0.49302685,2002.1563670855655,2520.3969744666088,4113.475126378677,0.04241328110191445,0.5462451,0.26864491719778344,4.144192,1.9662308,0.13823989,20.02914774456422,1.6089117474773484,-0.005292748005655778,0.16796268528445057
0.4141076,2443.537950557945,2708.052243999879,4851.028999824642,0.06450259050988817,0.57682955,0.2643815144736936,8.382798,3.239484,0.21200731,19.912884045248177,3.0507945460736696,0.005758671501399632,0.28739279378755506
0.44730464,2870.819576643154,3100.376496840172,5867.597852771865,0.0669328433127637,0.5354528,0.26984809741752214,19.146496,4.354742,0.31497458,19.077152293468163,4.397245585009658,-0.0049673652228785815,0.2311724279498789
0.49583963,2543.3848515549257,2664.7051641584785,4858.512287907556,0.060564471402596125,0.4631705,0.24506378331960532,3.732724,-0.33511373,0.12837833,20.27881051123365,1.3062649991937814,0.01664897161929106,0.15194202400265297
0.5845838,2485.8203935780616,2722.7564459746636,5338.992715841477,0.05741053438919427,0.41609743,0.24501104015443856,1.0652035,-0.7873992,0.06975208,20.064647656830747,0.7529253979004181,0.024844341887986534,0.1651448275342048
0.46446934,2646.186777129502,3025.391440704311,5612.566061580882,0.06220650540918121,0.45636523,0.2485409901694427,10.775368,3.9565554,0.23958543,20.25090543573677,3.3990969617524227,0.014491242727925374,0.26216995016120637
0.59593594,3118.795087651782,2917.408085926957,5949.064026823723,0.0839172774372907,0.57365984,0.27136224945948606,14.360047,7.419401,0.28904343,18.658507635949967,4.397260977191016,-0.006209410838223875,0.2780645535447679
0.41375238,2622.4297574510742,2960.696275234301,5343.867686363196,0.06774177214745546,0.42456022,0.25279563220202145,13.129626,5.111272,0.27477646,21.68271655715273,3.56932189473483,0.03213733216383889,0.23119225145984326
0.5551496,3184.8680349481056,3198.50582989945,6711.892747436145,0.0831906710052442,0.56291056,0.2725524142574966,2.779466,2.6114912,0.123249725,19.896654723165284,1.7422590148753334,0.0065384137412097445,0.25471735068128093
0.36644122,622.0302606406528,940.3319672635965,1082.5767871396092,0.014921187773354957,0.1665801,0.14395831456583563,2.9756894,-9.004342,0.1087984,23.91654538944931,0.5834362477867968,0.08521515799453146,0.08489618935589323
0.38240325,1719.969184890504,2062.197555202587,3447.1458222474844,0.041227052224398535,0.51688194,0.259166322379933,0.283525,-9.748384,0.03360628,19.380344935616964,0.4003005704221025,-0.002310320925546388,0.24342506327305008
0.56271404,3325.850369753746,3268.1515812562047,6932.491413506192,0.08797136398419017,0.55821604,0.2664722536836024,14.11363,7.76131,0.27500364,18.897545923181795,3.773498671263511,0.002531592199573708,0.26368180485590714
0.4226771,1666.2821882849569,2095.4590744992593,3263.171934712413,0.03713816228245684,0.3971297,0.2270871946924683,1.3867935,-5.3940005,0.07949822,21.478335220517952,0.7909781265288821,0.018392358186615932,0.18061407821296682
0.48376426,2712.533657918989,3350.2459779263168,6518.693915683049,0.05154281888193875,0.4860867,0.26142427373485805,2.6331563,3.096366,0.11431025,20.489627418297083,1.3228957960174332,0.01690288799642745,0.21707735423992147
0.4797719,2823.5613519439894,3048.5406565356802,5895.389351387142,0.07027115232057735,0.6847545,0.27990552620328923,9.947319,3.50433,0.21829765,19.461451083357506,3.076603258199918,0.002403609982820572,0.23089022083673125
0.34934938,3309.8761505083176,3401.3553055934235,7190.906517572078,0.0788468808576062,0.5201136,0.2635825311392468,11.852487,3.4892123,0.25687462,20.465253847494225,3.7445224120488185,-0.028730760295321248,0.2972908664254459
0.4458714,3044.0295720851864,3325.627983536593,6612.318349548907,0.06589035614245699,0.52158123,0.26924215260665696,12.923159,5.4962645,0.25156987,20.50646064115049,2.8855051930120457,-0.007770231309433189,0.2103259990408109
0.49262807,2493.367761444851,2428.3574127442084,4333.015465514948,0.07788574201610468,0.5580644,0.27408830692012187,15.496871,5.124824,0.31922966,19.202970177208954,5.246342545671456,-0.011609827540047702,0.29910251954259554
0.52582175,2603.0503285033706,2987.086503903271,5702.307185595249,0.05714778894013746,0.4733777,0.2523066685832603,11.001817,5.410663,0.23847304,21.447325709115148,3.021616395041878,0.015783946978521136,0.265129403940362
0.6187897,3173.569188341722,3335.0040873778375,6680.117939574062,0.0707562586438084,0.54623884,0.26872290659997805,14.448769,8.284556,0.28284287,18.334472547729938,3.962458138253287,0.004845591889176437,0.28021006341599264
0.5895894,3485.952537765065,3321.0606799265774,7192.081510467057,0.09933662938859755,0.60608876,0.27206797251953846,10.420423,5.6743116,0.23577432,19.23101500049554,3.5670185131802015,-0.008103394064288685,0.2709320096989431
0.62851244,3275.4485755764103,3337.525040055403,7128.231896556937,0.05065040928652162,0.47598973,0.23313337247359278,18.380817,8.054957,0.29967237,19.75574162601521,2.9963278784721017,0.011925506976929349,0.19468580202355007
0.37092286,745.0248662911073,1062.1010866174752,1358.4001192736553,0.022975874560350454,0.16199803,0.14003076295626699,1.6658299,-7.12995,0.08488141,23.84847681691515,0.44052360245639166,0.10283881453603412,0.11214886543378978
0.3849751,1262.371540959231,1426.2588377071918,2382.8272580362327,0.033827574889604965,0.42066878,0.2441954414626965,2.4282331,-6.469652,0.09734019,20.22607376788724,1.0099375407523772,0.02071638589546443,0.22443245698672132
0.5094278,2661.173648965968,2924.2481138820754,5409.2589576177925,0.06206994201189247,0.5869658,0.268403186261822,10.832569,4.4081187,0.23262642,20.107881634560172,2.6697425078302834,-0.012867525026483381,0.19534013735295455
0.5331536,3173.5858231884313,3248.6091972830272,6796.250570669263,0.07713789024381683,0.5855934,0.2708358809282727,8.07832,5.7713904,0.2057131,19.367923756452505,2.8350800112946786,-0.002885956633814292,0.2549480682394653
0.44983616,2334.331137739448,2533.906452598861,4577.088989635739,0.06186522854755937,0.37487584,0.2292146232258473,0.61524457,-1.3644546,0.058459245,21.193614680920565,0.7752091796909044,0.020351445435687513,0.2453596865439194
0.51324445,3444.353868035124,3085.8567143164046,6625.551602862568,0.09999852572607991,0.49346957,0.266379539708997,16.68067,7.0988636,0.31753227,18.270082319999705,4.8605007982467665,0.02043186248525629,0.2648658828171148
0.44738635,3324.0775447103724,3288.0978966417215,6844.566945173423,0.08709463610005407,0.494381,0.2604549521481168,6.3831677,2.6733818,0.19008902,21.37136133645355,2.6573743550723887,-0.003631490958423545,0.21147322360521403
0.6754756,2506.4055019718335,2567.0327763196938,5257.318209716041,0.05227151386870537,0.39046368,0.22101192839323916,12.980397,7.0754313,0.26184395,19.723950748222368,2.8927998633895218,-0.040504529489855445,0.19269011669969846
0.4021323,2075.803954223691,2620.6128108976923,4578.497314453125,0.04488138237751241,0.42038116,0.23544748296961543,1.5206897,-0.012844386,0.08682116,21.447415805457247,0.9636128165745167,0.04932821388944881,0.26603613480660254
0.35955906,1874.3674174570883,2526.097854753832,3615.0531402682373,0.04199339384876758,0.3136265,0.19671988341845922,5.038967,-6.008296,0.13811256,22.51336265319501,1.2613082642386488,0.07967683677204074,0.2342144621152024
0.43113577,340.1967431722322,581.8123155877352,483.9054072235391,0.011541300730818644,0.21033369,0.15375245507089108,4.2097726,-1.4357151,0.13264948,20.702421852075062,0.795703198496844,0.1527556650269295,0.12131617220547847
0.39861763,3232.1587811608,3801.0163773079735,7632.79551219645,0.05744497799119648,0.3154268,0.21124773604992655,7.181739,-2.167159,0.16746359,23.1300561871418,1.448850805889432,0.034211955358490684,0.1313258215231417
0.49909204,3993.359031199597,3844.1395928718593,8733.663855396188,0.11334513630013411,0.45709938,0.24873470054693275,11.617988,7.4867787,0.26260644,19.580406281588854,4.14007039112449,0.03689387735327197,0.2486928946802712
0.38210607,2258.4472143239964,2882.865468208547,4983.486532205398,0.04578655146269034,0.4354687,0.2343862942374942,7.525015,-1.651166,0.18259275,21.880507280986286,2.1435185062359126,0.020591225850966607,0.2558677457094552
0.43062958,2015.3016817416187,2437.072680468165,3993.367519319611,0.04615643625871401,0.36891034,0.22928265106579734,3.4508646,1.0838172,0.13179824,21.89796933326442,1.4988553944362568,0.04254727164920063,0.2797144046205778
0.3606947,1198.9982531414996,1518.6084161654016,2252.161381488245,0.031148406731113493,0.34095308,0.21492432919480448,2.181716,-5.938422,0.09903368,22.840064601821446,0.9505436559837005,0.07109689138155725,0.12400103296300158
0.64216715,3397.8246956473395,2922.2311087199128,6309.270182039715,0.10500186039328012,0.7001477,0.2737722929983414,14.421531,-1.6114732,0.21212111,18.15899458141916,1.7597761541509063,5.539477359448285e-05,0.08520937505598734
0.39894834,1734.6795834363936,1903.7387841896416,3421.812642100426,0.045643011590601155,0.4183705,0.23220439285866729,4.820849,-1.0594528,0.15505438,20.084022401843274,2.0167290164756575,-0.02591687110644058,0.2610649741603583
0.48288235,2410.957084736051,2456.4417042968294,4777.229446080447,0.06516435521577052,0.5810421,0.27586039629654,15.140943,6.8458567,0.29074648,19.27700109768792,4.179355274294794,-0.0003880232646246512,0.26492010138831495
0.43298888,1918.9470151620055,2649.682178913958,4026.7506507897156,0.03890772098313009,0.33752516,0.22293030818292936,9.147974,5.37761,0.21253277,20.46872194152241,2.491316430324153,0.06465541240210691,0.27795882846153314
0.35853946,2178.6462367379636,3099.5913761057577,4832.179113807324,0.03808399675659737,0.3326595,0.2078574967925907,4.6493363,-1.6173967,0.14743544,22.02685238175949,1.48854021407208,0.04147186470925909,0.23157112945014438
0.5420117,2380.1953577704357,2820.6088469465844,5052.486114974361,0.04460038401325442,0.52126724,0.26310706537036677,19.255949,8.317903,0.30984974,18.887944262946977,3.392758378590118,-0.0021551141918282114,0.27258243143435945
0.51435983,3049.5794181905803,2851.042284651601,5813.331514246323,0.09035420308474267,0.56709105,0.27112172770407106,18.629124,8.524919,0.3342911,17.642003063130765,5.406649829946933,0.00471449413787449,0.2901589350583628
0.4958908,3023.772123441084,3187.7749665499477,6327.545071533959,0.07691958362292285,0.54039824,0.26949960106762444,10.471149,5.185025,0.24674657,20.496806911604832,3.652195707607864,0.01639071456289858,0.2817230893241216
0.51183957,2967.266993903385,3020.4770708668343,5942.697398655186,0.07854717325526701,0.6391772,0.2776531383209172,21.499056,7.7543745,0.35502568,16.93906413495104,5.619698343291145,0.002440533004189527,0.2697489109589707
0.36018464,1789.996908841407,2070.599759603479,3382.8462110584364,0.04786595339890341,0.35918322,0.21362495863133626,2.2399805,-7.264606,0.1025738,23.048674845470458,1.1020995675291487,-0.03474732000143542,0.24247763429905075
0.34417787,967.5409339283447,1318.6264877924004,1764.7726619944854,0.022902239843305743,0.37647673,0.21652128135989376,4.601354,-3.6208398,0.14792243,21.163858023529315,1.2804730748539341,0.044718980909198666,0.16456468543265354
0.2672333,1540.8518466707924,1720.9999905514546,2797.074753138303,0.04647425636921435,0.30731434,0.20419498155928065,0.07281309,-13.000955,0.01660622,21.182106847406946,0.18309274148686144,-0.018925457060164994,0.2478172183021188
0.619365,1629.415382419463,2504.2776190405148,3248.1053591512673,0.022265099022064964,0.65968674,0.2762895578108455,13.327164,4.3689394,0.24639937,18.19817920236786,2.1141731232717,-0.0007705959358032814,0.07976216139549
0.4925878,2876.616118008853,3121.7591386665463,6099.404784400396,0.073859473614007,0.4971295,0.2632230012920198,7.9918623,4.845564,0.20812677,19.222781998690483,3.2069294289891515,0.01746629103184734,0.277228048137497
0.43731892,1230.7980076622114,1958.0229081961027,2446.5185395704334,0.019407824533322102,0.32383686,0.2183929222239971,3.428284,2.2613575,0.13063401,20.27096481319087,1.076248311537872,0.014851237326610943,0.23209943539282257
0.5138734,2065.94215438055,2511.007910887862,4373.615220013787,0.046523626994657515,0.51965886,0.2620895766578298,3.145465,2.4082954,0.12523107,18.905063711244082,1.5393053697143002,0.011959714715225837,0.2783809264421159
0.26237506,2337.7434714356873,2772.2752488652964,4479.881244104344,0.05260677077848683,0.2897506,0.19393859618188364,6.1822658,-5.0380673,0.16835783,23.262290546228634,1.6363319549825923,0.001414563319879512,0.2931958483439889
0.3977753,1636.8778240538784,2010.5793685583237,3319.088263260691,0.03940220825172174,0.37862003,0.24081346192592037,11.177587,5.666284,0.24257752,21.23377419748959,2.657329300935653,0.030534843072343713,0.21633389363887873
0.38145116,1950.7262277785355,2025.9822258751517,3573.3033927232486,0.05736066356367109,0.4632807,0.24807602021541966,7.9729633,-0.52382207,0.20425391,20.49656955657198,2.8829535847496954,0.044310974812680724,0.29111397777413534
0.44267523,654.9813898965444,964.9312985271838,1013.702203614793,0.01648312833905492,0.28567362,0.19039803924098403,8.446555,-3.191733,0.20163177,22.460061321680094,1.6586065578731561,0.005747613467086996,0.22368499194460614
0.4474165,1914.944017656402,2762.46920297632,4103.758518467009,0.03968710291133997,0.37570193,0.22430898327693607,0.75480443,-1.8591863,0.059365187,19.770998148527518,0.6779725647433504,0.10076329151641948,0.23679455801165603
0.49707597,2807.9276349260426,3139.582071311958,6127.337948825706,0.06787747555162416,0.6122621,0.2735229776689682,2.78198,2.3834677,0.11569004,20.07258581562746,1.5412562007486192,-0.014139094139353978,0.2445016688791881
0.44207567,1987.020587444552,2632.3510746475154,3937.8345217867163,0.04066926770708284,0.32499313,0.20889804715669244,13.624625,1.6394374,0.24712734,21.416870387009357,2.295798459384404,0.07917714297709066,0.22459937300788765
0.5265133,3183.2898834095768,3112.6270267943023,6326.820075917908,0.08925991449211264,0.5212576,0.26922365089229555,18.40651,6.2687554,0.33816093,18.14575663614051,5.893469267730306,0.012759886463920435,0.2681899655384401
0.31758416,2659.4199397704024,2862.6943007800323,5582.2412449509,0.06370095406583687,0.36929187,0.2297491743359442,6.276583,-4.2017446,0.1796919,23.64487297222695,2.014664845697085,0.0278778567942873,0.2406191134050066
0.29981345,733.6569824059056,856.660755397779,1222.5009410373937,0.030249143517055946,0.18055075,0.14974419297304645,1.3998072,-9.013279,0.07925954,24.293703365036894,0.4272450489562027,0.07331254458786422,0.09290487516530628
0.51433057,3031.93235393765,3024.3260256998897,6072.538280191805,0.07814339770996118,0.479006,0.2633119342292376,18.763338,7.8491154,0.32534602,18.374032632411733,4.851381480051753,0.022097652019201046,0.2553497398183218
0.45302102,2370.255870653937,2577.718928755808,4829.83746130031,0.055453058416348996,0.51612586,0.26256219045641216,9.103578,3.290844,0.21677524,20.69578102877696,2.908647819712603,-0.007318184945643339,0.19551429389550473
0.368091,1785.7752915341378,2114.45623462327,3433.020907658911,0.045482429814030875,0.4097403,0.2341914676160295,3.1692746,-2.6342573,0.12578526,21.865410239403673,1.465419309885177,0.009385901114209045,0.23858205156267867
0.507361,2300.4449577383552,2720.348155493851,4666.46344920061,0.047686688710571946,0.4630354,0.25018013175840387,9.629892,2.2224636,0.20279174,21.85562553171883,2.1350383200254868,0.017569745393007766,0.18029203334891483
0.6597989,3267.675938977381,3502.9097839153196,7473.604808134191,0.05613569111855268,0.5086994,0.2652193866525689,15.984125,8.238715,0.28749302,20.855742739230386,2.8211105761739037,0.021429431584115033,0.2652077444235983
0.43144524,2660.5273996728756,2717.7177765469646,5579.599594257934,0.0751638199139305,0.5414521,0.26434105367365657,5.504898,2.2175567,0.17547423,20.659041306409932,2.5000479672220073,0.0052741897319916655,0.25317186347511517
0.5513562,2545.2040399916878,2814.0336627283073,5264.051502334075,0.06129650105656298,0.49498913,0.2617742991254547,6.9097314,4.660811,0.19372182,19.458666549981142,2.675851550037895,-0.01141955748262604,0.23483037713927138
0.20533416,2478.8568100410157,2783.832446767976,4693.51328563395,0.04974910139494393,0.23206984,0.18359706049948302,1.6430296,-15.546022,0.08629695,25.439033682437408,0.6861048860211952,0.008319757941871226,0.27624516117869097
0.34537226,1479.269948778142,1935.110753060201,2886.2908803272544,0.029694588361660456,0.3202764,0.20927371968505268,3.2703083,-7.1931467,0.11270422,21.736531264661643,1.012616250093254,0.04872038280772519,0.20321979578038873
0.40259212,2382.349539758171,2317.2577048450758,4490.756178345105,0.06900873507297656,0.5307283,0.2613304514324884,1.1196892,-4.426746,0.074684426,19.286150258876244,1.0679690599502967,0.016903606913740165,0.2559340160977824
0.45317236,1585.7093733459883,2558.5831443842253,3100.8062498488293,0.028047210112115018,0.37972668,0.2210689076637407,2.2375712,-0.6285923,0.10068206,21.039732599627314,0.809569955706346,0.009880236013341981,0.15842084656959096
0.6068808,2341.904839542204,2943.4346948700827,5062.777719409104,0.0361296623912723,0.49994293,0.25623478715756853,14.203216,3.2565145,0.2251226,20.847329188861877,1.5185309557954785,-0.008930965431294506,0.12531526388643863
0.51057124,3017.1487266108693,2970.3240423820607,5593.016179796343,0.08591778816789873,0.55418473,0.2732382067409329,15.56518,7.6938744,0.31060728,18.457297955992942,4.969334829917883,0.00887961718671067,0.2845869046537239
0.3621481,1456.4220865583527,2110.358510341545,2431.75196219524,0.02982648322486889,0.36601418,0.2257960589063175,1.1916196,-7.4643836,0.06613206,20.988800288979334,0.6015726628932593,-0.005061580670104619,0.2006304372231875
0.46243986,2975.482948300978,3219.3885583696906,6462.427589251161,0.0704781737256306,0.47584546,0.25350113809923275,3.8717701,1.1247236,0.14616045,20.404835776351714,2.046830470691624,0.013350037659008397,0.2600703097080874
0.40091714,943.4375063132666,1477.2967737225667,1585.6904115470202,0.022494559227199652,0.31507012,0.20006831924202936,1.6172273,-2.3032403,0.081460886,20.50003515491891,0.70673122548711,-0.05883795313369974,0.31043034026202004
0.50642455,2513.951329963095,2938.7873313336872,5189.885284140383,0.052516304767521046,0.50600374,0.261869125918269,2.5698087,2.3803895,0.11156138,19.920369184805647,1.319445119646399,0.006868569086307085,0.2311872135321531
0.3312598,3098.5646583891426,3464.794830651383,6603.976733322852,0.06923687896211116,0.36904675,0.22454756531400313,0.464843,-7.931506,0.045068905,21.479810152830815,0.4257729072391333,0.01435178388817299,0.14376798180869385
0.51461864,2395.5810946437455,2558.788665891736,4872.962200530911,0.06021065443721348,0.5955741,0.2760831918623199,11.667749,5.7555375,0.25338975,19.326032555337218,3.6273312333912178,-0.00398447907135142,0.29071364617381384
0.5669875,3048.9538082531785,2685.7515986520675,5521.141614412007,0.09400317144401621,0.5049594,0.26338108523442555,8.194512,6.08829,0.23420595,19.662409184876598,3.854266507924754,0.012283663919188118,0.2986709359473333
0.40781236,2662.5897111052946,2709.814480501615,5339.334380442144,0.07226400209206489,0.53169996,0.26723501980732195,3.6066308,-0.35008436,0.13621816,20.394960467396803,1.945173223179637,0.007897085661505434,0.24961862713092392
0.41367406,2449.3979989087034,2378.710585165698,4755.579576994243,0.06775611999185639,0.34530732,0.22514494560932127,10.132017,6.75074,0.2437317,20.862123580558542,3.374495732896427,0.07980290845657326,0.2599521617617122
0.41338986,2201.6527256603767,2534.8123655364275,4564.0390685468265,0.05499259352863952,0.39693567,0.23193463541020531,3.2251778,1.2503439,0.13155232,19.99738909823735,1.789971376267437,0.046613778910465434,0.2847747672028848
0.4395236,1913.303140116348,2462.5768816009627,4092.0752557807664,0.04146039994945346,0.42207158,0.2384103179266836,3.0526173,0.6725838,0.118667506,21.285316243920903,1.3450821722302122,0.03244493353040353,0.19332545092132913
0.53654975,2747.8879019199585,3006.004932012104,5721.315403988487,0.06281357279754007,0.3985772,0.24006740781159852,23.032398,9.043482,0.35805255,17.643873650495422,5.006684448912733,0.0417261221729492,0.2862140581133969
0.37373483,3328.8244047170165,3592.5643280095087,7628.712203554324,0.07474546836278372,0.46398926,0.2537902567273751,11.359993,4.529263,0.2405037,20.89972483385834,3.248730164979102,0.013627818002573431,0.2515139729162752
0.44402665,2468.120088873889,2718.554386687405,4988.6865007619,0.05695303560020499,0.36003488,0.21439769835448588,3.5800729,-3.8869598,0.13755588,22.16385567280232,1.7518861910744805,-0.005761971169508017,0.2346155864289007
0.55893224,1549.2916186989992,2489.7027556830635,3203.880626572175,0.021796034203154947,0.43872198,0.2448555236568547,7.3801823,3.1388228,0.17785028,19.250711165660483,1.3269340194708212,0.028053556635372012,0.1906088564279456
0.5653136,2358.8712881892952,2160.356780393196,4555.5974529254545,0.06417103683578694,0.5895259,0.27130362302038286,2.5235498,0.6149513,0.12042717,20.137416143376917,1.7171566911626341,-0.01702857167046617,0.31297079456564597
0.3864565,2954.5425890579,2948.638882741592,5891.239376481472,0.076968787515006,0.5501912,0.2680288021143278,5.3791423,1.3927352,0.17330457,20.611606154926466,2.3455942054999723,0.008272318660748868,0.1640999207891425
0.42358983,2769.490598053596,3156.1091893881094,6092.888157138884,0.06210237603813455,0.41019875,0.24028467759222585,0.6665603,-4.3497725,0.055149995,21.266997125064385,0.5939374596335727,-0.01380773866367258,0.19494389004314178
0.53450835,2260.5217923582236,2878.296518040608,5104.702465895898,0.04280208574657934,0.4684265,0.2340858829095248,14.477782,5.495967,0.2499221,21.48384115180209,2.1613913062205414,-0.03928239027253128,0.18474392844163165
0.5610132,4048.733233505357,3831.4705876591343,8326.282985439242,0.10788020471346432,0.62254995,0.27562848875712787,19.391445,7.6454663,0.34538558,17.387409796054296,5.400244442089628,0.007523452393270923,0.2422622844261903
0.47543037,1154.76292198297,1849.8783403737016,1997.1712567119775,0.014180575739067558,0.26471776,0.20185801588113303,0.9687209,-6.157799,0.06698271,21.403870350703738,0.4731499100991399,0.11536297139939608,0.24714090771692263
0.4576535,3186.635495950114,3158.79085304506,6454.885968187645,0.09085577213341477,0.520572,0.26943930083754025,12.132901,4.9778123,0.2732644,18.969748440019195,4.5064051350566965,0.0027904064549892113,0.28714103231953186
0.5310684,3142.540548210423,3184.5672893577416,6323.286763950029,0.08411203955266316,0.57661104,0.26673687401757873,14.551194,7.8660097,0.29212683,18.719654401866915,4.4353428058516675,0.009224517813190487,0.2887682503152712
0.39672977,2518.5618843031802,2991.3104596054814,5699.9571998052925,0.05177539436827362,0.46913117,0.25986666843021733,2.8193882,-0.060602013,0.11510477,21.721722137726044,1.1919631381666842,-0.027128081724385175,0.20570563152601867
0.5139607,2983.7342133627803,3049.2422416061,6139.954539201577,0.08434752848507825,0.5215052,0.26377246923699776,8.690802,4.8279967,0.22013763,19.459873869768792,3.477114924580983,0.007716659062149475,0.24505455341898646
0.56187713,3316.829996087386,3219.5965427419424,6855.408546282411,0.07319429526196444,0.38352826,0.23118595467813646,8.278754,4.091347,0.2082907,20.393312664511036,2.6704121529888925,-0.037555272948973574,0.27543142024127926
0.3565895,1635.2995102837012,1854.7402384651555,2992.673570379015,0.04082666399893291,0.35872766,0.21466722776910768,0.15763302,-11.201725,0.025503058,19.273241078665137,0.25337111534721,0.05147720114811824,0.1827562849669295
0.4359666,2536.966254490003,2859.735429409126,4970.594943492405,0.06563799203892084,0.40156698,0.2354388425112546,2.922418,1.4269342,0.13026083,22.232082558977027,1.6271601143677994,-0.004492669810674006,0.2874797994308483
0.39750773,1127.2881974434456,1625.3422605412434,2083.395735324352,0.027910883651706297,0.40947774,0.23258151331281116,11.427904,3.5319397,0.23818295,22.02640602938461,2.3030553091246744,0.0014435142808067341,0.18868927550449913
0.5572209,2589.621168196911,2614.908805795336,5511.333340387964,0.06138910827488891,0.54486126,0.26964515817159806,5.7613277,3.64633,0.17834015,20.185092809448676,2.279439459206189,-0.00451520488111129,0.27799457289436746
0.42662424,1383.7069109366091,2031.822854782053,2827.9912328572464,0.02920807796802932,0.4414123,0.2505452866099262,1.7801648,-1.1403023,0.091619566,20.485689866352914,0.9138084142086074,0.017278021120408986,0.13429034475359425
0.43183196,1981.4237060980856,2325.997731810754,4060.950443988245,0.047506432397520414,0.49203172,0.2604378971458996,5.7237215,2.50162,0.17051704,19.831915625156256,2.2011471475549307,0.0032849466222285343,0.24191470545964455
0.3454814,2474.874054312652,2841.30424648927,5159.093803665586,0.06759986450720638,0.36394173,0.21398674732213493,4.375773,1.336727,0.15585084,21.371270210384015,2.172519280117096,0.04977101414200009,0.3072390952283457
0.4591577,3165.711765433286,3139.111131765058,6745.550877243372,0.08913957688338492,0.6143773,0.27001945907762187,2.4316692,1.0491519,0.11219071,20.370341789166165,1.7108415976817444,0.007306551526204522,0.20258814394687083
0.4837987,1321.8304160079251,2086.471544795238,2721.5835429566564,0.022897939877705466,0.31715995,0.2128934279241032,7.5963697,3.0992563,0.18579464,22.866594635200446,1.3931849521449997,0.07229084446936122,0.20223434211248925
0.48006326,2679.8294897873984,2629.6062044249525,5324.692802311097,0.07408666098018155,0.59605855,0.27724690856462675,12.99174,4.3457437,0.2730471,19.23982660390876,4.26782685124647,0.024293609780478807,0.2794236241317653
0.5914564,3510.3122599676867,3036.116906489845,6476.344171766157,0.10013655462184873,0.51066864,0.27024991458726,16.955696,7.381996,0.3278818,18.25123306660873,5.349049122964026,0.0221505250847315,0.28129744865325407
0.5062059,2519.2121550321904,2984.1884115695348,5783.573360856472,0.04736198865511117,0.50077903,0.24851390300797555,10.034595,2.2917995,0.20692666,19.71654464133133,2.2647776101916124,-0.033328224624067385,0.2369853422146182
0.34556052,2081.150421827569,2257.624296589924,4112.300133483698,0.05422089888587014,0.4041823,0.22911257599405271,7.6541557,-3.4396923,0.19331495,21.217300096584317,2.262336859989409,0.04520396398082686,0.2622985497872219
0.5938266,2210.882309649813,2867.2535501492944,4701.796568879402,0.03514490884072927,0.40161338,0.22648298052435134,9.169036,1.3374157,0.19381216,21.297838511213204,1.3047007435487858,-0.0021246688007604242,0.1686017627489314
0.44564077,2988.8459499128394,3183.1678632422004,6615.676662574981,0.06632624979816487,0.39623314,0.235877824018901,2.7481995,1.3851581,0.11827633,22.0899480038147,1.3433575798488742,0.013656447986608212,0.23288219391069237
0.47151554,2515.703972214752,3038.2415000502106,5315.367858697756,0.0551045856939267,0.45090282,0.24890953061506385,9.994089,4.6199284,0.22997756,21.56907754664888,2.8960827456549283,0.014523808719080504,0.2236078705944779
0.3897843,2837.25700459089,2998.1144858244575,5734.256992399139,0.06866439558279452,0.53166825,0.264317533713138,9.862933,0.42261127,0.22407107,21.977176211099316,2.6889272052579516,0.0007115584824217576,0.1884280696871495
0.5177264,2395.7678783137044,2883.2053640065687,4965.086643467009,0.05363591050455271,0.5252856,0.2539469105249764,12.469681,4.585599,0.23433761,20.820478624281474,2.434858981527773,-0.02221650783613078,0.15403678083036695
0.38650057,2523.0682276156217,2711.0119956515496,4997.669779774575,0.06919123789866824,0.4619625,0.25580860658596355,15.02792,6.423743,0.29506478,20.50430949861795,4.049500898733585,-0.006586988227235347,0.2738670273957268
0.3967874,2350.1127397991822,3379.6485322337126,6023.696908862229,0.02259473087480606,0.39703226,0.2257418171405701,4.360356,3.873511,0.134691,18.244782001887433,1.005010594821978,-0.04800127091266989,0.28040648930657186
0.45920998,3200.8507499128095,3545.0389462333155,7043.724074230844,0.07148991175417536,0.4027238,0.24163828150811006,17.78893,5.9455338,0.30809402,20.660233715460873,3.9701940295111764,0.023402609697828196,0.23961017057099168
0.4861599,2484.2705789110787,3202.6319505303322,5437.8337848297215,0.04408959197714173,0.49428242,0.24664649235697333,18.23205,4.3919864,0.2658406,21.69792368754548,2.282215011928461,0.01664835817620463,0.20421761217559395
0.33777353,2890.7730764985135,3333.1784406560255,6009.763659781347,0.06671330813026966,0.37734616,0.22008578626687114,4.544362,-7.43656,0.13695215,24.46896991410725,1.410128741473509,0.01987068468634368,0.22197738791494837
0.42466584,3185.7063274832085,3032.1179917574027,6315.086813534007,0.08385765709792689,0.42188534,0.25011710280381466,13.351912,4.467575,0.27565226,19.814082497906337,4.216079475651299,0.02347537594020421,0.28101637543927127
0.30558848,1195.2434845213031,1395.819039589809,2181.9868058243032,0.04019495517505248,0.33300227,0.19791764586185,2.621469,-1.4137317,0.115613356,22.56756954515494,1.1644285298701582,-0.00913258401738989,0.3012996166142425
0.36975354,2393.490441321989,2565.5096092660415,4211.682865863245,0.06899003461033537,0.44896805,0.2390972705041727,12.692708,-0.4475294,0.2740137,21.233652552513842,3.579786843090377,0.01403679901250726,0.29989271000826095
0.5168463,3366.9551769862537,3166.0724728696096,6677.751287218218,0.09069585729028454,0.5086889,0.2622750641378503,9.485818,0.58766395,0.2201555,19.51490186085825,3.303116646551865,0.014641771438505168,0.14334939997012772
0.5880435,2676.5902645796573,2917.977057222648,5481.19185598273,0.0547733216093455,0.48758325,0.26226671244018035,12.062334,6.7335896,0.25281218,19.66623964447062,3.13150449203394,0.02320043488267647,0.25291027792935766
0.5123544,3066.115143784969,2869.830453464839,5982.555490972088,0.09140823873409012,0.62024224,0.2769582281152264,10.096718,4.831812,0.24581707,19.752182707377937,3.926143283821622,-0.0017193477685594654,0.2654292552285185
0.54382575,2388.374666068052,2850.689544618201,4907.05366105118,0.05269175213945228,0.5536878,0.2642568709024933,26.583117,7.542976,0.36728862,18.6207958336668,4.572400273048456,0.01111037551573039,0.28087496682193286
0.5823508,2482.5582636315835,2470.5017016417473,4928.661863722668,0.06597743483358255,0.5212302,0.26741737942028304,2.441544,1.9413353,0.11265984,19.71262453505337,1.5271470043231525,0.015827611135234596,0.2741580770377956
0.5273846,3173.250818059996,3244.0253765034645,6640.401513067192,0.08291716686674669,0.5564253,0.2687159024672864,14.157172,7.5843835,0.2805092,18.704170172808393,4.283579405101741,-0.023259459427647174,0.256966507723187
0.5652733,2677.407771978033,2958.1161456766563,5442.167091960139,0.052504361393680275,0.35672542,0.22008570489770735,10.7745285,2.1024508,0.22279845,21.23996439311449,2.158646129265801,-0.06176187121908968,0.20190105523323004
0.6529318,1631.4450800962518,2398.325710242446,3758.985603261658,0.01726283495854482,0.5343618,0.24874242167307195,27.716208,7.563963,0.35292745,18.452299825245372,2.498737068837755,-0.0019080765967671347,0.1090388871412222
0.35957465,1138.8680977535325,1305.9444343996379,1777.155920447949,0.03617018737319489,0.43548796,0.24285747488879636,5.745933,-1.934096,0.16204746,19.825335109721994,1.667610790032149,0.04048480408530784,0.277190672085907
0.41688567,2217.5001704263263,2312.3220125821135,4011.4007436085044,0.06509223864984591,0.44733903,0.24227297752670757,0.9831015,-3.5745342,0.07204973,21.799311239586515,0.9290680740454029,-0.011928166163493861,0.23866018555387083
0.48742384,2593.743276977384,2720.597546032579,4996.103122581269,0.07324166508708746,0.4690842,0.258561939699706,6.106349,3.292735,0.185281,20.17283894202861,2.660468315238387,-0.026245131403920423,0.20835388563728682
0.6038495,3099.2409263499694,3791.689293826388,7383.6386854803595,0.06168058451450755,0.56659156,0.27286757932108685,14.374078,5.027323,0.24332993,19.67202067402243,2.534426067189699,-0.017428529909531105,0.17786389623048204
0.33543774,1831.027993171232,2110.8346673747733,3291.288431362471,0.05007483695232479,0.4946482,0.2587895099506994,11.482102,0.4586249,0.23901944,19.98374655617868,3.0492814889186177,0.03395937577072079,0.29320515447924533
0.42052373,2545.5252846561525,2785.852210288324,4902.462022149526,0.06475343646230422,0.48058748,0.2512984550282717,21.98403,8.071374,0.35597005,19.06802231528583,5.103683015080427,0.031077805049127556,0.28543396580999575
0.51867104,2629.797021475888,2913.6183528459383,5659.45744470177,0.0531390099899609,0.39802015,0.23964777995845474,2.3679733,-0.56694496,0.098566435,19.765468313885982,1.1952287626694351,-0.011753370202772595,0.19225364843685705
0.4719579,3297.919211123263,3452.6463450170922,7060.865637244824,0.08291190160274636,0.39404672,0.25064945321572163,3.3112614,3.977088,0.13810529,20.062087097766454,2.1284747153442476,0.005635749892254097,0.26057154826939416
0.5554618,2784.5009946644473,2818.189561681386,5534.491533686871,0.07056745505219632,0.5443559,0.26241793527235996,7.2435837,3.7166314,0.20275511,20.093480782259224,2.8617092564498376,0.03101894732561991,0.2819739235550679
0.44841832,2773.2782665264294,3377.987306507829,6328.070068359375,0.06295582267994916,0.45622942,0.24953424633223104,2.8099644,1.5463756,0.11835234,20.619493066527145,1.4487979499879078,0.011722588287359968,0.23666032788494906
0.32029316,2666.157337974992,2957.5425708132443,5583.49957067531,0.06069040774204418,0.36613706,0.22357317693350037,8.308996,-7.697379,0.19317703,23.95074624328867,1.9073133145288477,0.042314895941084375,0.2253350284402646
0.44943222,1788.8937682479655,2226.143230229405,3378.6379031721654,0.04068430003580379,0.40787098,0.22769758090129952,2.3335187,-2.1063893,0.106391884,21.030364895138568,1.0933829531338901,0.04077461999241006,0.20192190131376275
0.55247384,1971.3666518806226,2692.1542611820405,4071.358714384191,0.03481785696734835,0.45495698,0.24902540210256222,12.335614,4.6174655,0.23255533,20.265739271281188,2.2352098406220984,0.02272823105235753,0.23106122334191523
0.65127057,2055.7916372588015,2495.8868195527384,4433.064860529944,0.035083033213285306,0.3951636,0.23400932474543887,23.279768,2.6882555,0.2978917,20.41021515220089,1.8340689876326841,-0.052618952735535074,0.13070141152882375
0.42358845,1807.9472709844356,1884.4711500292258,3545.3785615808824,0.05248622255919912,0.46942848,0.2579596556056091,9.784261,2.4760041,0.22410697,20.718821591708743,2.765823778433522,0.013040556067382464,0.20258906398227147
0.49891314,3441.7172480663903,3329.417028900644,7056.015666571933,0.0896016827783745,0.49266833,0.26548247047771445,14.104229,7.6757026,0.28078198,19.69416673682802,4.058026623152007,0.019000700867466806,0.25509782916692675
0.48185694,3397.244957047846,3305.2667330332724,6782.325654871323,0.08353037706310594,0.67627406,0.2791373869515662,16.728285,4.403319,0.27788734,20.55645015789165,3.3428179255185024,0.0005472175983603852,0.2597441318225435
0.49667785,3081.526761608723,3012.2249628859836,6234.887298489502,0.08933343512843733,0.5513605,0.2731529716575454,1.6775913,1.378464,0.09983789,19.511585776369014,1.6728238510626565,0.037100851982118134,0.253434309261556
0.5440911,2690.818632284583,2911.122717254403,5313.917867465654,0.06450236234844815,0.33542845,0.2336218833617739,14.840982,8.039255,0.2917961,20.341267639558925,4.086437361504527,0.011956766307340386,0.2596989081161593
0.53902143,2933.434061027774,3232.9616263499124,6445.211026690693,0.06495546464199715,0.3985339,0.23778314607003265,2.8569798,2.6447942,0.123217605,20.038006738819863,1.6182365349522088,0.02168783970031669,0.2784976527941733
0.6236836,737.0703944112944,1080.2026028722487,1393.7665720842201,0.01782465617826078,0.31329376,0.20907237988021948,21.363117,5.4733777,0.2943432,19.257929364512812,2.092515557359166,0.0022007617599486945,0.22551285495795362
0.6167025,2754.234001454743,2820.8386660522788,5715.815437246033,0.05927373581011352,0.50315094,0.25901078310171105,14.815827,8.597375,0.2830922,18.66572934396946,3.858811576531885,-0.006312155021156918,0.2816241703653308
0.55149806,2198.7976427594463,2685.318683888374,4625.497030252273,0.047907856124906105,0.44329947,0.25475555409822354,18.202753,7.3619137,0.30315417,18.560979377805886,3.7286488445453507,0.03461437470049565,0.21773869372597163
0.38479158,2177.0694967103905,2092.1400531678923,4021.6590149114745,0.06594468489150046,0.45767975,0.25069838151594187,2.819141,-5.4471703,0.12848078,20.253145975629906,1.8406240077510008,0.0017873630489702594,0.2880880172527584
0.40114602,2737.804680866831,3256.678452205101,6128.137943988245,0.061957072302605255,0.38086474,0.23232907373188758,4.607862,1.9685574,0.15552491,21.269269375707466,2.0030901863532242,0.04371809091304847,0.25897196680145584
0.43296054,3296.8658753873106,3693.331811236813,7466.8798487991,0.07665412656290586,0.4939556,0.2596763423831148,15.518713,6.7289352,0.2927992,20.25640377728949,3.935652439740116,-0.0024817738849724157,0.25540051963753346
0.40849173,1775.4275767914778,2266.688108092785,3437.079216452206,0.03703089130388998,0.43795514,0.24656718219772902,2.145938,-0.6154061,0.09691746,21.752505886896945,0.9238624913954708,0.024841129876382092,0.2133931936180923
0.33685008,3005.183954094195,3245.297549872224,6486.035779828996,0.08315117274980167,0.36448148,0.21704935187755264,10.877778,4.8899593,0.2522696,20.426878566122042,3.6820153026315863,0.09059593072613864,0.31372001688208045
0.47248298,2704.8568881189294,2886.940541373745,5730.390349113535,0.0692405558714714,0.45214456,0.2556350319266147,9.4829645,4.221852,0.23133677,19.976603973194372,3.4573920591998615,0.036191588351383135,0.27261618182806424
0.3573686,2911.5410002973667,2673.4684449772376,5068.619350752225,0.08777763737073777,0.37670335,0.22733864250321442,1.0492228,-19.300259,0.068598956,23.556959799937424,0.7374641372180084,0.02136552216118377,0.20019386487558388
0.52678907,3537.8781120739386,3150.2126504717926,6692.19286655863,0.10962837766685621,0.6041339,0.27481847296020007,2.4176767,0.37732372,0.1170889,20.391227463279954,1.7694697744699759,0.002659967144475575,0.2854673675106955
0.3655587,2518.744773401315,2933.2884954418823,5396.284036075368,0.04882823304760501,0.53834254,0.26328979207815556,9.275785,3.504042,0.1945208,20.79249376616233,1.845857004267475,-0.010954009908083356,0.18558971317040435
0.420494,2897.656928931179,3107.9930579560064,6091.471499038555,0.06609324431526997,0.53353417,0.26036546222733825,12.109705,1.4715956,0.22105837,20.057268320815314,2.1754032889789263,-0.02256671116218477,0.13988690607045706
0.39112908,1305.033952614771,1731.4518608654187,2250.0197277718653,0.03541646483154665,0.43041745,0.2354140044380206,3.10119,-2.76627,0.124211624,20.891540318384198,1.397346724744021,-0.015057117881778138,0.221068723890644
0.44927657,3373.6280789419293,3177.421974761147,6711.384417176616,0.0880185670759532,0.42492047,0.2446394952486013,2.715292,-1.2864345,0.118678704,20.284303045558364,1.6671101673510205,-0.013068650925542238,0.2545637417375725
0.32821086,1191.8124786466938,1655.6922751350924,1949.054880998452,0.032931374304107607,0.38831416,0.22856683042665052,7.0686374,-0.42876464,0.18240023,20.383273192778287,1.6896915702963344,-0.002616135246138467,0.29393011007791514
0.30027643,1419.3796258295993,1642.1911305481829,2449.343522488148,0.0424014869105537,0.34186906,0.21512433792484437,3.2517245,-8.738401,0.11730741,22.807299577536263,1.1140391368996818,0.01402255402725106,0.2120597627627901
0.5731886,2772.5874579530773,2958.4770831013916,5727.740365137626,0.06400067921905604,0.5609913,0.265377846409162,6.3075533,4.175956,0.17138056,19.201097746005836,2.230562439889734,0.020554600647080735,0.20538329618971585
0.43711317,3234.529706957073,3594.008252882146,7133.948528655911,0.07684128914723784,0.5813556,0.27169239218665087,8.751548,3.6606855,0.21644212,20.403872977584054,3.1051638614122097,-0.016313905314711157,0.24837114774737762
0.49119866,2466.6143783190914,2526.8908750882297,4772.9961383453465,0.06950596905428838,0.49462646,0.2491807525105542,3.7026453,1.6310618,0.1322567,20.39240925880024,1.7809037456670793,0.04325480381428969,0.28707976729206597
0.42834088,2103.809023775344,2566.844783544489,4417.123290259771,0.048187415317004,0.49458715,0.25415245952347437,11.379885,4.5344667,0.2304187,19.480793162481163,2.7035690203500926,0.036256996711897374,0.2410567833481676
0.35483748,2110.3907558618507,2460.048013556157,4134.125001511707,0.05818522145700386,0.3820838,0.23010732713963902,7.2662144,-0.022860086,0.1896236,23.103191769384747,2.055689600856983,0.013331665733633275,0.23602472368484329
